,Accommodation and food services ,Accommodation and food services ,Accommodation and food services ,Construction ,Construction ,Construction ,Educational services ,Educational services ,Educational services ,Health care and social assistance ,Health care and social assistance ,Health care and social assistance ,Manufacturing ,Manufacturing ,Manufacturing ,Other services (except public administration) ,Other services (except public administration) ,Other services (except public administration) ,"Professional, scientific and technical services ","Professional, scientific and technical services ","Professional, scientific and technical services ",Public administration ,Public administration ,Public administration ,Transportation and warehousing ,Transportation and warehousing ,Transportation and warehousing ,Utilities ,Utilities ,Utilities 
,GDP,Labour,Wages,GDP,Labour,Wages,GDP,Labour,Wages,GDP,Labour,Wages,GDP,Labour,Wages,GDP,Labour,Wages,GDP,Labour,Wages,GDP,Labour,Wages,GDP,Labour,Wages,GDP,Labour,Wages
1997-01-01,27361.0,1121.4,8.81,71294.0,2533.5,17.26,68408.0,185.1,20.51,87041.0,331.6,16.45,165474.0,1471.9,16.55,23834.0,891.9,12.97,51325.0,375.0,18.17,83757.0,648.3,19.63,51402.0,536.1,15.93,33479.0,9.2,22.71
1997-02-01,27627.0,1149.7,8.7,71818.0,2756.9,17.21,68464.0,170.9,20.49,87582.0,281.9,16.36,167389.0,1291.3,16.55,23938.0,638.8,12.8,51452.0,470.5,18.01,83831.0,671.8,19.6,51959.0,519.3,15.91,33561.0,4.0,22.5
1997-03-01,27696.0,1117.6,8.63,71841.0,2459.7,17.02,68466.0,157.3,20.56,87900.0,257.1,16.32,165776.0,1216.6,16.53,23997.0,748.6,13.03,52026.0,301.5,18.01,83745.0,724.0,19.66,52256.0,479.3,15.99,33311.0,8.3,22.68
1997-04-01,27802.0,1099.9,8.77,72775.0,2654.5,16.78,68202.0,254.5,20.86,88259.0,308.2,16.58,168419.0,1134.4,16.44,24123.0,726.4,12.94,52487.0,251.5,18.17,83881.0,770.6,19.58,52576.0,522.7,15.95,33309.0,48.4,22.76
1997-05-01,27877.0,933.3,8.76,73664.0,2027.5,16.34,67931.0,653.4,20.88,88502.0,362.4,16.58,169988.0,753.3,16.37,24373.0,638.7,13.12,52910.0,341.1,18.27,83891.0,793.3,19.41,53005.0,427.4,16.1,33118.0,120.1,22.43
1997-06-01,27794.0,768.5,8.81,74769.0,1194.2,16.2,68161.0,577.0,21.02,88485.0,342.1,16.45,168758.0,679.9,16.27,24536.0,533.0,12.78,52927.0,309.3,18.26,84107.0,621.1,19.31,53271.0,344.4,15.87,32433.0,12.2,22.75
1997-07-01,27485.0,702.0,8.83,75242.0,840.9,15.95,68120.0,723.3,21.37,88998.0,348.1,16.28,173068.0,821.9,16.15,24719.0,489.6,12.49,53946.0,286.6,18.25,84106.0,338.8,18.82,53540.0,366.6,16.12,32345.0,3.5,23.21
1997-08-01,27827.0,672.4,8.92,75699.0,731.9,15.99,69088.0,1072.1,21.36,88793.0,356.3,16.3,172304.0,524.9,16.07,24666.0,584.3,12.4,54365.0,247.9,18.5,83968.0,291.0,19.0,54095.0,454.8,16.07,32173.0,15.9,22.88
1997-09-01,28003.0,781.5,9.0,76107.0,828.8,16.41,68657.0,317.0,20.95,88672.0,300.1,16.58,172611.0,592.1,16.24,24706.0,578.1,12.89,54705.0,267.4,18.79,83766.0,560.0,19.61,53350.0,333.1,16.13,32101.0,46.5,23.41
1997-10-01,27883.0,994.8,9.09,76035.0,959.7,16.46,66317.0,196.5,20.96,88961.0,290.0,16.38,174629.0,724.4,16.21,24743.0,605.6,12.73,54896.0,237.6,18.86,83312.0,586.9,19.47,53397.0,455.7,16.07,32265.0,7.0,23.42
1997-11-01,27897.0,978.7,9.11,76108.0,1579.3,16.71,66453.0,173.1,20.83,89311.0,249.2,16.52,173808.0,1014.8,16.36,24861.0,553.3,12.75,55110.0,199.2,18.63,83686.0,624.3,19.57,51817.0,369.2,16.05,33331.0,18.5,23.06
1997-12-01,28204.0,793.3,9.07,75194.0,1932.3,16.67,68885.0,150.3,21.04,89391.0,244.8,16.51,175503.0,1032.0,16.34,24951.0,527.3,12.87,55948.0,153.7,18.49,83970.0,824.6,19.61,53712.0,342.8,16.3,32522.0,57.4,23.08
1998-01-01,28996.0,1111.1,9.05,76067.0,2329.7,16.99,66911.0,268.6,20.9,89403.0,244.2,16.45,175033.0,1462.0,16.48,24951.0,717.8,13.05,56699.0,329.8,18.45,82547.0,640.5,19.7,53671.0,459.6,16.19,31982.0,43.3,23.41
1998-02-01,29560.0,884.9,9.05,75946.0,2280.0,17.13,68438.0,118.1,20.76,89728.0,230.9,16.4,177719.0,1391.6,16.55,25048.0,791.5,12.88,57847.0,297.8,18.28,84111.0,556.2,19.71,53699.0,496.9,16.24,32020.0,11.7,23.36
1998-03-01,28935.0,1034.1,9.05,75242.0,2356.9,17.0,68558.0,101.8,20.75,90181.0,239.7,16.42,179066.0,1251.7,16.47,25193.0,710.1,12.78,58139.0,200.3,18.25,84017.0,442.2,19.96,53826.0,481.2,16.26,32666.0,10.6,22.86
1998-04-01,28804.0,885.0,9.03,75456.0,2170.5,17.01,68610.0,148.5,20.69,89964.0,324.5,16.32,179445.0,1197.1,16.54,25154.0,679.2,12.94,58188.0,249.7,18.46,84151.0,562.6,20.12,53845.0,678.9,16.4,32181.0,25.8,22.84
1998-05-01,28933.0,833.7,9.0,75205.0,1218.2,16.79,68637.0,341.2,20.85,89957.0,370.0,16.38,178478.0,1059.5,16.57,25245.0,454.3,12.91,58601.0,273.2,18.53,84038.0,548.8,19.81,53262.0,371.9,16.24,31895.0,25.4,22.92
1998-06-01,29134.0,663.6,9.01,75000.0,864.3,16.42,68686.0,474.3,20.76,90388.0,505.5,16.44,177227.0,770.0,16.55,25266.0,523.9,12.92,59107.0,317.2,18.71,84621.0,439.3,19.51,52801.0,301.2,16.26,32721.0,9.5,22.73
1998-07-01,29671.0,655.6,8.94,74870.0,896.1,16.37,69711.0,771.0,21.26,90416.0,320.0,16.33,173750.0,892.3,16.39,25390.0,390.1,12.76,59785.0,353.2,18.75,85014.0,214.7,19.03,52406.0,221.3,16.21,32456.0,10.3,22.63
1998-08-01,29859.0,587.5,8.98,74597.0,754.6,16.77,68900.0,1071.5,21.2,90765.0,293.6,16.43,178001.0,717.2,16.33,25656.0,514.7,13.04,60552.0,229.2,18.66,85091.0,278.7,19.29,53444.0,277.3,16.06,34235.0,9.6,22.8
1998-09-01,29758.0,838.2,9.18,74144.0,703.1,17.38,68537.0,285.3,20.93,90966.0,221.8,16.5,180977.0,677.2,16.62,25729.0,508.3,13.22,60965.0,230.2,18.9,85194.0,518.5,19.9,52670.0,291.4,16.32,32449.0,3.5,23.34
1998-10-01,29687.0,898.6,9.05,73819.0,1096.0,17.41,69298.0,178.8,20.89,90945.0,298.2,16.58,182740.0,742.4,16.53,25680.0,470.1,13.16,61746.0,238.3,18.93,85041.0,540.2,19.92,54694.0,306.5,16.5,32073.0,3.7,23.46
1998-11-01,29575.0,1032.5,9.16,74535.0,1271.9,17.55,69334.0,139.7,20.97,91168.0,201.4,16.66,182638.0,973.4,16.62,25761.0,463.3,13.4,62061.0,161.1,18.98,85274.0,609.4,20.01,54740.0,323.2,16.54,32661.0,3.2,23.61
1998-12-01,29936.0,943.6,9.24,74794.0,1838.8,17.75,69342.0,104.5,20.82,91293.0,216.2,16.53,186008.0,1183.0,16.74,25872.0,441.1,13.21,62972.0,192.9,18.79,85634.0,598.7,20.22,55679.0,339.5,16.43,32649.0,6.1,23.83
1999-01-01,29908.0,1168.0,9.16,76203.0,2248.9,17.67,69838.0,109.6,20.77,91620.0,129.8,16.57,186474.0,1454.6,16.79,25862.0,701.2,12.91,62537.0,318.6,19.17,85404.0,587.4,20.35,54965.0,404.1,16.79,32746.0,42.4,24.55
1999-02-01,30236.0,999.3,9.11,76380.0,2335.5,17.36,69650.0,146.2,20.77,91776.0,180.6,16.55,187360.0,1432.5,16.78,26124.0,777.0,13.01,63444.0,329.8,19.26,85589.0,418.9,20.13,54906.0,410.8,16.63,32412.0,9.8,24.21
1999-03-01,30198.0,1009.4,9.11,75402.0,2342.5,17.27,69827.0,140.8,20.75,91921.0,181.7,16.72,187040.0,1410.0,16.82,26219.0,757.3,12.96,64112.0,278.1,19.49,85629.0,421.3,20.38,54545.0,468.1,16.51,32495.0,3.9,23.65
1999-04-01,30566.0,1115.9,9.14,76798.0,2142.8,17.2,70163.0,171.7,20.91,92370.0,165.2,16.62,189395.0,1549.7,16.94,26372.0,788.9,12.98,64543.0,219.2,19.81,85911.0,370.1,20.54,55690.0,735.1,16.43,32827.0,5.9,24.18
1999-05-01,30251.0,993.6,9.04,77506.0,1539.4,16.9,70181.0,366.3,21.11,92407.0,271.7,16.51,188754.0,914.9,16.79,26533.0,706.7,12.89,64887.0,309.0,20.13,85980.0,469.9,20.44,55710.0,497.2,16.21,32444.0,7.6,24.23
1999-06-01,30191.0,805.9,8.98,77690.0,1025.4,16.61,70122.0,363.9,21.23,92382.0,184.3,16.44,192523.0,693.7,16.8,26646.0,701.1,12.84,65383.0,270.8,20.08,86133.0,401.3,20.38,56303.0,280.9,16.38,32431.0,4.0,23.67
1999-07-01,30132.0,703.5,9.0,78553.0,658.5,16.48,70260.0,712.5,21.62,92455.0,167.4,16.43,193499.0,695.1,16.77,26750.0,587.1,13.12,65679.0,256.5,19.76,86110.0,242.9,20.07,56399.0,257.1,16.44,33377.0,0.0,23.28
1999-08-01,30208.0,670.7,9.16,78354.0,645.6,16.74,70413.0,1240.9,21.83,92634.0,198.4,16.62,196374.0,726.7,16.86,26666.0,550.6,13.12,65753.0,485.5,19.97,86423.0,273.6,20.47,56302.0,368.5,16.73,32662.0,1.3,23.15
1999-09-01,30501.0,795.6,9.15,78979.0,795.8,17.05,70588.0,302.7,21.41,92959.0,241.2,16.75,198014.0,696.2,16.94,26936.0,611.5,13.35,66470.0,288.8,20.4,87014.0,352.4,21.13,57106.0,239.5,16.63,33557.0,1.7,23.79
1999-10-01,30721.0,780.3,9.25,79826.0,584.2,17.15,70796.0,119.1,21.22,93227.0,302.2,16.84,196961.0,728.7,16.94,27124.0,425.2,13.31,67374.0,328.0,20.25,87362.0,435.7,21.23,57599.0,396.5,16.64,33231.0,4.1,23.3
1999-11-01,30572.0,978.9,9.25,81332.0,813.7,17.51,70838.0,73.9,21.2,93578.0,97.3,16.96,200956.0,918.5,16.93,27240.0,486.1,13.5,68421.0,238.6,20.37,87456.0,408.6,21.24,57929.0,368.4,16.65,31894.0,27.5,23.59
1999-12-01,30333.0,829.1,9.22,82494.0,1319.8,17.88,70996.0,70.6,21.15,94159.0,166.7,17.15,205465.0,900.5,17.08,27425.0,577.5,13.54,69281.0,226.0,20.42,87898.0,195.0,21.17,57376.0,473.7,17.06,32337.0,62.7,23.23
2000-01-01,30533.0,1040.0,9.32,82319.0,2139.6,18.17,70798.0,109.1,21.19,94406.0,144.2,16.97,205028.0,1131.0,17.38,27488.0,544.6,13.68,69605.0,323.6,20.63,88246.0,306.5,21.31,57567.0,440.6,17.21,33155.0,37.2,23.36
2000-02-01,30500.0,950.7,9.26,82195.0,2405.3,18.21,70838.0,91.2,21.14,94887.0,101.2,17.03,204065.0,1119.5,17.44,27550.0,484.6,13.61,69926.0,192.5,20.53,88464.0,267.0,21.21,57801.0,422.9,17.03,33323.0,18.3,24.01
2000-03-01,30686.0,961.9,9.24,81780.0,2377.8,18.2,70803.0,113.1,21.06,95318.0,116.0,16.89,209046.0,1097.9,17.43,27652.0,615.0,13.86,70669.0,203.2,20.47,88745.0,231.0,21.28,59070.0,502.7,17.22,31507.0,51.2,23.93
2000-04-01,30819.0,852.4,9.35,81846.0,1834.4,18.01,71051.0,104.5,21.4,95493.0,113.5,17.16,207295.0,973.0,17.62,27621.0,422.6,13.88,71243.0,178.0,20.6,88512.0,245.3,21.57,58262.0,407.6,17.45,32274.0,31.2,23.46
2000-05-01,31255.0,879.7,9.43,81188.0,1205.4,17.74,71158.0,243.1,21.34,95698.0,144.2,17.02,210789.0,804.7,17.42,27681.0,593.4,13.74,71791.0,309.2,20.88,89108.0,496.2,21.2,58782.0,297.0,17.42,33068.0,45.1,23.87
2000-06-01,31352.0,642.5,9.31,80807.0,796.2,17.46,71300.0,201.4,21.43,95879.0,205.9,16.96,211805.0,679.4,17.4,27736.0,464.9,13.93,72437.0,261.6,21.0,89463.0,330.3,21.14,58958.0,224.7,17.31,32684.0,34.5,23.75
2000-07-01,31940.0,519.6,9.3,81313.0,741.1,17.26,71246.0,764.9,22.06,96058.0,158.1,17.06,212368.0,776.9,17.27,27834.0,506.2,13.87,73232.0,146.5,20.83,89947.0,287.1,20.55,59143.0,340.5,17.38,32438.0,1.6,24.13
2000-08-01,31627.0,627.7,9.26,81512.0,769.3,17.27,71451.0,1275.3,22.25,96239.0,179.6,17.08,214525.0,677.1,17.55,27936.0,473.6,14.16,73503.0,225.3,20.91,89863.0,197.1,20.87,59779.0,393.1,17.48,32981.0,30.8,24.83
2000-09-01,31760.0,562.2,9.45,81977.0,821.1,17.66,71373.0,273.1,22.02,96367.0,224.7,17.34,214616.0,617.9,17.79,28012.0,445.2,14.25,73893.0,199.6,21.3,90058.0,556.5,21.49,59697.0,135.1,17.47,32938.0,28.2,25.36
2000-10-01,32333.0,755.3,9.55,82444.0,733.8,17.78,71253.0,105.4,21.73,96288.0,238.9,17.42,215218.0,758.3,17.76,28074.0,426.6,14.24,74137.0,282.4,21.31,90080.0,245.2,21.74,60107.0,166.4,17.53,32518.0,11.3,24.88
2000-11-01,32092.0,936.9,9.68,82403.0,1136.3,17.86,71027.0,100.2,21.58,96552.0,93.7,17.43,215139.0,1125.3,17.8,28181.0,377.9,14.37,74319.0,194.5,20.99,90210.0,221.5,21.75,60277.0,197.6,17.37,32732.0,0.0,25.58
2000-12-01,32070.0,687.6,9.61,82630.0,1303.0,18.25,71129.0,114.6,21.8,96643.0,90.6,17.43,213402.0,1089.8,17.79,28315.0,537.0,14.37,73817.0,168.1,20.99,90271.0,236.7,21.94,60188.0,267.3,17.47,33957.0,8.0,25.54
2001-01-01,32221.0,962.9,9.63,84232.0,1817.1,18.55,71319.0,154.7,21.67,96733.0,118.4,17.54,209537.0,1305.3,17.99,28562.0,415.4,14.46,74462.0,355.2,21.4,90242.0,516.3,21.89,61356.0,428.4,17.61,31472.0,13.8,25.15
2001-02-01,32184.0,979.6,9.71,84900.0,1892.9,18.63,71302.0,65.3,21.84,96687.0,253.0,17.6,207889.0,1231.4,17.95,28818.0,389.2,14.5,74074.0,244.9,21.47,90285.0,327.4,22.2,60821.0,374.6,17.46,32563.0,34.3,24.73
2001-03-01,32667.0,982.5,9.63,86441.0,1922.9,18.97,71162.0,147.1,21.78,96847.0,173.5,17.72,206175.0,1149.3,17.93,28842.0,523.9,14.18,73758.0,198.3,21.27,90373.0,264.4,22.17,60777.0,432.6,17.94,32095.0,15.5,24.91
2001-04-01,31826.0,1140.0,9.7,85943.0,1987.1,18.92,70044.0,139.4,21.97,96777.0,156.7,17.77,205462.0,1249.3,18.05,28977.0,456.2,14.18,73837.0,303.3,21.6,90366.0,380.1,22.15,60332.0,559.8,17.96,32199.0,74.1,25.64
2001-05-01,31751.0,913.6,9.83,86152.0,1233.7,18.6,70921.0,335.5,21.96,97282.0,189.7,17.63,206514.0,801.8,18.06,29045.0,352.7,14.38,73664.0,387.0,21.75,91382.0,295.1,22.04,60892.0,465.8,17.83,32283.0,7.5,25.25
2001-06-01,31655.0,659.1,9.79,86680.0,785.3,18.17,71167.0,328.9,21.97,97184.0,141.1,17.73,205136.0,595.6,17.9,29178.0,527.0,14.48,73446.0,261.9,21.71,91077.0,409.2,21.63,60399.0,285.8,17.61,32404.0,7.3,25.56
2001-07-01,31839.0,523.8,9.6,87363.0,728.1,18.17,71468.0,888.1,22.22,97348.0,180.6,17.72,202592.0,787.1,17.71,29219.0,541.2,14.39,73003.0,420.8,21.5,91186.0,179.4,21.4,60735.0,261.3,17.96,31443.0,0.0,25.46
2001-08-01,31709.0,522.4,9.57,88195.0,629.1,18.21,71131.0,1375.1,22.2,97497.0,186.1,17.82,202338.0,759.0,17.8,29347.0,366.0,14.33,73189.0,318.3,21.62,91373.0,195.4,21.66,60352.0,368.7,17.89,31926.0,7.7,25.34
2001-09-01,30481.0,614.1,9.87,88551.0,727.7,18.61,71388.0,177.2,22.23,97854.0,240.4,17.97,198925.0,896.0,18.04,29552.0,283.7,14.56,72784.0,319.8,21.76,92029.0,601.0,22.31,59230.0,306.4,17.94,31420.0,0.0,25.34
2001-10-01,30908.0,796.3,9.78,89122.0,724.7,18.46,71628.0,127.4,21.96,98039.0,232.2,17.84,199696.0,819.1,18.17,29610.0,267.6,14.47,72650.0,338.7,21.94,92470.0,320.1,22.42,59044.0,458.1,17.71,31829.0,22.7,25.29
2001-11-01,31692.0,918.3,9.65,89724.0,1048.9,18.84,71630.0,89.6,21.88,98199.0,158.9,17.91,200567.0,1119.1,18.38,29749.0,377.1,14.17,72591.0,224.0,22.2,92859.0,322.5,22.41,59661.0,340.0,17.9,32113.0,101.2,25.31
2001-12-01,32210.0,880.8,9.86,90272.0,1451.7,18.89,71995.0,134.9,22.01,98377.0,144.5,18.07,196112.0,1456.9,18.49,29873.0,351.6,14.32,72396.0,268.8,22.39,93614.0,353.2,23.19,58849.0,502.5,17.77,32038.0,11.7,25.36
2002-01-01,31657.0,986.5,9.86,90293.0,2133.2,19.52,71978.0,124.4,22.09,98709.0,175.0,18.07,204981.0,1609.1,18.45,30058.0,510.1,14.26,73014.0,432.8,21.88,93950.0,445.0,23.28,59504.0,759.3,17.77,31982.0,20.3,26.17
2002-02-01,31938.0,1087.7,9.82,90293.0,2099.5,19.53,72030.0,103.6,22.48,99021.0,166.5,18.15,207795.0,1597.3,18.61,30159.0,686.1,14.31,73838.0,429.5,22.17,94390.0,301.6,23.3,59785.0,645.4,17.75,32253.0,19.1,26.3
2002-03-01,32082.0,1003.6,9.84,90373.0,1825.6,19.75,72689.0,246.6,22.37,99135.0,155.3,18.22,205584.0,1515.5,18.7,30181.0,628.8,14.19,73795.0,314.8,22.66,93556.0,225.7,23.34,59621.0,566.0,17.93,33641.0,34.7,26.25
2002-04-01,32671.0,996.8,9.78,91450.0,1778.8,19.59,72850.0,176.1,22.65,99115.0,145.5,18.58,208336.0,1335.8,18.53,30229.0,503.3,14.31,73584.0,333.7,22.27,93814.0,308.5,23.46,60377.0,572.7,18.12,33767.0,100.0,27.03
2002-05-01,32709.0,1128.4,9.95,91340.0,1236.0,19.2,73164.0,430.7,22.79,99123.0,337.2,18.66,210332.0,806.5,18.24,30333.0,623.3,14.3,73450.0,543.6,22.04,95440.0,485.8,23.36,60482.0,397.4,18.0,33748.0,177.8,26.79
2002-06-01,32847.0,779.1,9.93,92998.0,748.5,18.69,73283.0,370.3,22.64,99434.0,202.2,18.76,208068.0,725.9,18.26,30364.0,466.6,14.18,73696.0,472.7,21.54,95662.0,354.5,22.99,60362.0,318.9,18.24,33878.0,138.0,26.52
2002-07-01,32866.0,607.2,9.81,92508.0,796.0,18.44,73503.0,698.4,22.9,99769.0,191.0,18.55,209618.0,824.5,18.12,30413.0,504.3,14.36,74223.0,305.6,21.89,95289.0,202.4,22.54,60283.0,398.2,18.26,34421.0,10.0,25.55
2002-08-01,32800.0,699.9,9.84,92545.0,588.2,18.4,73863.0,1391.3,23.09,100128.0,183.5,18.68,210018.0,820.5,18.15,30568.0,443.2,14.48,74731.0,354.7,21.96,95241.0,203.2,22.48,60508.0,393.6,18.56,33984.0,105.8,25.73
2002-09-01,32500.0,679.3,10.0,92640.0,662.7,18.86,74216.0,309.7,22.82,100538.0,192.9,18.9,205768.0,819.8,18.3,30571.0,690.9,15.04,75265.0,406.6,22.28,95770.0,383.7,23.42,60502.0,172.4,18.47,34611.0,6.1,26.06
2002-10-01,32128.0,973.7,9.99,93936.0,947.8,18.79,74640.0,220.9,22.82,100939.0,117.1,18.83,207012.0,999.8,18.49,30575.0,600.8,15.14,75615.0,323.7,22.93,96073.0,248.1,23.42,60626.0,250.8,18.25,35335.0,5.2,25.97
2002-11-01,32236.0,1060.9,10.01,93420.0,1379.7,19.01,74785.0,180.1,22.76,101354.0,115.4,18.89,205766.0,1184.5,18.53,30580.0,588.0,15.04,76021.0,283.0,22.85,96232.0,324.4,23.36,60315.0,508.8,18.15,34567.0,0.0,26.69
2002-12-01,32234.0,920.3,10.01,92791.0,1605.3,19.02,75167.0,80.3,22.89,101259.0,178.6,18.8,202478.0,1286.6,18.49,30494.0,482.8,14.87,76083.0,270.0,22.92,96430.0,272.3,23.42,59938.0,325.4,18.36,34433.0,0.0,26.62
2003-01-01,31555.0,1128.0,10.22,92949.0,2461.1,19.35,75193.0,106.9,22.84,101803.0,160.2,18.82,203266.0,1655.9,18.84,30549.0,606.9,14.56,76754.0,347.1,23.2,96936.0,317.8,23.91,60434.0,604.2,18.11,34920.0,12.1,26.76
2003-02-01,31994.0,1151.1,10.22,93615.0,2303.7,19.52,75544.0,87.7,22.83,102334.0,182.4,18.9,203258.0,1336.2,19.04,30437.0,581.3,14.56,76778.0,353.4,22.76,97111.0,233.7,23.93,60837.0,610.6,18.54,35772.0,6.9,26.59
2003-03-01,32005.0,987.3,10.23,93690.0,2237.7,19.35,75471.0,126.1,22.76,102517.0,181.0,18.92,203751.0,1267.1,18.83,30505.0,652.7,14.55,76662.0,337.3,22.96,97181.0,326.7,24.08,60526.0,565.4,18.63,34724.0,11.9,27.53
2003-04-01,31244.0,1121.2,10.23,93753.0,1714.9,19.21,75243.0,225.6,22.89,102375.0,188.1,18.95,202759.0,1585.2,18.9,30506.0,483.0,14.8,76556.0,330.1,22.74,96582.0,314.3,24.23,59768.0,637.1,18.55,34723.0,31.0,27.37
2003-05-01,31065.0,1030.8,10.22,93751.0,1190.7,19.15,75186.0,475.7,23.04,102648.0,231.7,18.78,203465.0,1023.6,18.87,30588.0,620.8,15.01,77085.0,254.6,22.8,96768.0,204.5,24.21,59756.0,594.6,18.5,34311.0,0.0,27.85
2003-06-01,31438.0,824.9,10.21,94171.0,831.9,18.79,75242.0,350.3,23.1,103054.0,156.2,18.81,201684.0,724.7,18.67,30559.0,544.4,14.8,77051.0,309.1,22.78,97083.0,188.0,23.74,59970.0,266.0,18.07,34162.0,2.8,26.91
2003-07-01,31407.0,766.3,10.08,94349.0,826.8,18.46,75155.0,837.6,23.69,103236.0,135.9,18.95,204127.0,827.7,18.72,30681.0,643.9,14.99,77790.0,340.9,22.27,97387.0,203.9,23.5,60261.0,334.9,18.42,34155.0,0.0,26.92
2003-08-01,31459.0,879.9,10.17,95602.0,681.4,18.89,74192.0,1366.0,23.64,102990.0,200.6,19.09,200104.0,668.8,18.91,30696.0,647.2,15.31,77150.0,419.8,22.47,94412.0,181.0,23.55,59551.0,499.7,18.53,34206.0,25.3,26.41
2003-09-01,31709.0,798.8,10.38,95568.0,673.1,19.27,74983.0,261.5,23.44,103342.0,212.7,19.22,205664.0,805.9,19.19,30700.0,549.7,15.29,77530.0,308.3,22.83,97356.0,369.3,24.37,60338.0,369.5,18.69,33744.0,66.9,26.65
2003-10-01,32047.0,915.0,10.36,96169.0,839.8,19.44,75051.0,129.1,23.38,103460.0,187.3,19.25,208446.0,894.1,18.99,30887.0,477.0,15.49,77794.0,203.5,22.71,97246.0,274.4,24.48,60500.0,475.1,18.7,32877.0,25.0,26.29
2003-11-01,32003.0,1135.6,10.25,96650.0,1174.6,19.68,75382.0,128.2,23.47,103439.0,248.0,19.23,208569.0,955.6,19.11,30833.0,475.4,15.4,77906.0,285.5,22.75,97430.0,439.8,24.37,60872.0,308.3,18.61,33784.0,23.0,26.7
2003-12-01,31778.0,1134.0,10.31,96733.0,1744.0,19.9,75832.0,234.1,23.23,103566.0,197.3,19.17,208764.0,959.1,19.16,30883.0,590.5,15.31,78100.0,222.9,22.83,97608.0,486.7,24.65,61555.0,259.1,18.68,33478.0,46.0,26.88
2004-01-01,31729.0,1242.7,10.38,97760.0,2226.6,20.08,75833.0,210.0,23.16,104236.0,206.2,19.51,205755.0,1269.5,19.31,31006.0,615.3,15.3,77993.0,272.5,23.38,97896.0,329.7,24.87,60985.0,537.3,18.57,34966.0,39.2,26.85
2004-02-01,31744.0,907.0,10.37,97855.0,2053.1,19.94,75953.0,234.1,23.39,104035.0,233.8,19.62,205892.0,1218.5,19.42,30956.0,566.2,15.27,77988.0,310.5,23.34,97837.0,292.7,24.79,60904.0,433.3,18.36,33766.0,10.7,27.0
2004-03-01,32358.0,1115.6,10.49,98590.0,1970.3,20.17,76049.0,219.7,23.63,104275.0,176.0,19.49,210131.0,1211.6,19.26,30915.0,526.9,15.25,78424.0,266.4,23.5,98254.0,551.5,24.88,61460.0,463.9,18.28,33167.0,11.0,27.88
2004-04-01,32451.0,1173.1,10.32,98800.0,2036.6,19.97,76599.0,234.2,23.8,103884.0,133.8,19.8,208793.0,1162.4,19.38,31044.0,591.2,15.5,78739.0,318.4,23.56,98921.0,338.8,24.59,61783.0,571.7,18.47,33665.0,11.1,28.16
2004-05-01,32625.0,930.9,10.27,99638.0,1173.2,19.51,77147.0,388.7,23.71,104032.0,220.0,19.74,206949.0,935.4,19.24,31064.0,472.0,15.37,79060.0,366.3,23.58,99036.0,734.9,24.6,62019.0,387.5,18.54,33754.0,38.2,28.06
2004-06-01,32234.0,655.8,10.31,99459.0,893.9,19.08,77505.0,242.1,24.11,105276.0,240.5,19.59,210537.0,697.1,19.15,31200.0,358.5,15.68,78857.0,362.2,22.88,99480.0,459.4,24.42,62594.0,342.8,18.72,34013.0,0.0,27.52
2004-07-01,32778.0,702.4,10.27,100414.0,532.3,19.06,77871.0,727.4,24.46,105592.0,185.2,19.59,209302.0,732.8,19.04,31232.0,458.9,15.25,78753.0,293.1,22.72,99616.0,429.4,23.8,62410.0,330.2,18.73,33982.0,3.1,27.14
2004-08-01,32999.0,806.5,10.23,100658.0,645.9,18.97,78119.0,1610.7,24.68,105650.0,261.8,19.46,209976.0,813.3,19.02,31241.0,453.9,15.36,78851.0,295.8,22.66,99968.0,250.9,23.9,62487.0,282.5,18.97,34558.0,13.7,27.61
2004-09-01,33094.0,710.0,10.5,101391.0,639.3,19.34,78113.0,110.5,24.19,105616.0,262.0,19.52,212319.0,804.8,19.33,31357.0,511.0,15.49,78861.0,297.7,23.33,99971.0,380.5,24.83,62629.0,322.9,19.17,34648.0,6.2,29.21
2004-10-01,32885.0,867.1,10.47,101588.0,871.2,19.48,77960.0,111.3,24.09,105388.0,167.9,19.54,211051.0,923.5,19.39,31449.0,497.2,15.49,78969.0,214.8,23.6,98715.0,439.3,24.98,63096.0,372.3,19.11,35278.0,1.4,28.04
2004-11-01,32909.0,1061.9,10.5,101825.0,1098.3,19.63,78345.0,106.2,23.84,105170.0,342.5,19.71,210903.0,1098.7,19.7,31553.0,399.4,15.84,79028.0,182.3,24.02,99529.0,297.0,25.09,63333.0,364.6,18.97,35323.0,0.0,28.11
2004-12-01,33032.0,737.4,10.63,102848.0,1050.7,19.9,78839.0,141.1,23.73,105190.0,217.4,19.8,211880.0,1146.0,19.82,31599.0,325.7,15.49,79032.0,257.7,23.64,99387.0,287.4,24.88,63084.0,504.4,19.16,35874.0,10.2,28.02
2005-01-01,32801.0,967.3,10.87,103056.0,1866.2,20.54,79169.0,211.5,23.74,105162.0,138.2,19.88,214316.0,1193.2,20.01,31501.0,601.0,15.96,79148.0,401.7,24.06,99683.0,586.8,25.44,64273.0,411.3,19.25,36003.0,9.7,29.34
2005-02-01,33547.0,1156.6,10.86,103445.0,1931.7,20.85,79243.0,103.1,23.68,105313.0,157.6,19.98,213436.0,1290.4,19.71,31611.0,425.2,15.66,79136.0,263.4,24.13,99938.0,347.5,25.34,64478.0,674.8,19.21,35151.0,68.7,28.99
2005-03-01,32940.0,1003.4,10.84,103793.0,1801.1,20.72,78684.0,178.7,23.97,105644.0,121.5,19.98,211995.0,1085.7,19.87,31559.0,435.2,16.51,79555.0,210.0,24.32,99771.0,226.3,25.41,64463.0,665.2,19.13,35808.0,12.5,27.86
2005-04-01,32905.0,887.8,11.06,104631.0,1495.4,20.38,79631.0,177.6,23.98,105942.0,94.5,20.0,213478.0,1281.0,19.86,31858.0,361.9,16.18,79880.0,214.4,24.38,99986.0,208.6,25.47,64805.0,640.0,19.22,35637.0,0.0,28.16
2005-05-01,32731.0,1055.4,10.8,105219.0,760.8,19.53,79667.0,254.5,24.54,106095.0,141.4,19.97,213989.0,869.9,19.58,31872.0,377.8,16.03,80402.0,374.8,23.74,99946.0,476.6,25.45,65363.0,312.5,18.84,35812.0,81.4,28.78
2005-06-01,33135.0,724.5,10.93,104826.0,575.5,19.68,79737.0,266.0,24.8,106317.0,130.8,20.25,213127.0,627.2,19.43,32028.0,447.9,15.91,80887.0,406.4,23.67,100347.0,296.5,25.14,65420.0,162.8,18.97,36513.0,28.3,27.66
2005-07-01,33220.0,599.4,11.08,105626.0,581.1,19.53,79933.0,774.8,24.94,106607.0,124.9,20.12,212935.0,707.0,19.51,32040.0,352.7,15.4,81623.0,315.3,23.82,100539.0,147.3,24.98,66159.0,226.6,19.04,36395.0,1.3,27.66
2005-08-01,33231.0,826.1,10.99,105379.0,535.8,19.49,80278.0,1345.9,25.13,106987.0,172.2,20.26,214101.0,648.3,19.7,32048.0,441.8,15.73,81925.0,419.6,24.11,100940.0,148.6,24.94,66484.0,312.9,19.12,36425.0,34.1,28.52
2005-09-01,32699.0,713.8,11.08,105059.0,672.8,20.07,80413.0,269.9,25.0,107247.0,205.6,20.63,213349.0,669.9,19.91,32102.0,459.8,15.98,82007.0,174.7,24.74,101475.0,326.8,25.84,66720.0,322.7,19.15,36410.0,3.2,28.86
2005-10-01,32747.0,921.5,11.07,105597.0,639.4,19.97,79357.0,200.9,24.85,107619.0,296.3,20.62,213462.0,917.1,20.13,32186.0,645.8,16.12,82348.0,190.2,24.98,102204.0,316.2,25.97,67004.0,168.9,19.02,35923.0,0.0,28.45
2005-11-01,33085.0,1066.3,10.87,106204.0,760.2,20.31,80795.0,118.5,24.8,107807.0,136.3,20.55,214023.0,920.0,20.33,32309.0,180.4,16.52,82833.0,273.8,25.4,102661.0,334.4,26.16,66941.0,246.4,19.26,36173.0,8.3,28.46
2005-12-01,32969.0,871.3,10.82,106900.0,1109.0,20.21,80777.0,86.2,24.7,107646.0,217.5,20.49,215744.0,867.6,20.42,32431.0,290.0,16.41,83301.0,201.2,24.92,103214.0,418.4,26.1,67357.0,342.1,19.37,36099.0,2.8,29.27
2006-01-01,33648.0,933.8,11.02,106908.0,1854.0,20.73,80867.0,158.6,24.79,107756.0,134.0,20.48,218222.0,1254.5,20.64,32473.0,401.7,16.69,83960.0,181.4,24.69,103672.0,324.3,26.24,67237.0,455.4,19.67,34742.0,3.4,29.43
2006-02-01,33337.0,835.1,10.87,108254.0,1678.8,20.69,81003.0,140.0,24.81,107875.0,127.2,20.43,216451.0,1058.8,20.46,32610.0,422.9,16.79,84335.0,109.2,25.0,104169.0,451.9,26.49,67257.0,271.8,19.5,35671.0,3.8,29.97
2006-03-01,33257.0,944.5,11.07,108720.0,1661.3,21.02,81007.0,358.8,24.81,107939.0,87.7,20.64,215763.0,1253.3,20.64,32743.0,389.1,16.57,84707.0,104.9,24.51,104476.0,356.7,26.61,67708.0,315.7,19.49,35537.0,3.7,30.04
2006-04-01,33146.0,985.8,11.0,108907.0,1562.6,21.0,81110.0,94.1,24.81,108037.0,112.9,20.78,213102.0,1341.2,20.63,32871.0,441.9,16.37,84789.0,214.6,24.58,105146.0,360.2,26.43,67662.0,326.7,19.74,35308.0,5.9,30.61
2006-05-01,33362.0,773.5,11.03,108632.0,771.5,20.86,81253.0,143.8,24.95,108050.0,146.1,20.68,210260.0,793.5,20.53,32842.0,433.2,16.57,84954.0,210.9,24.97,106041.0,384.9,25.88,67432.0,275.8,19.78,35945.0,5.5,29.99
2006-06-01,33064.0,496.6,11.1,108357.0,569.8,20.58,81300.0,239.8,25.11,108324.0,178.6,20.66,209536.0,711.8,20.61,32911.0,379.5,16.51,85136.0,163.0,24.84,106090.0,237.8,25.79,67296.0,199.1,19.56,35727.0,13.6,28.97
2006-07-01,32775.0,606.5,10.94,108808.0,627.5,20.28,81447.0,654.7,25.95,108570.0,173.7,20.53,209560.0,745.8,20.56,32941.0,349.3,16.59,85326.0,201.5,25.11,106027.0,215.2,25.55,67272.0,428.6,19.9,36673.0,0.0,28.84
2006-08-01,32566.0,630.1,11.0,109422.0,632.8,20.46,81558.0,1365.1,25.93,108844.0,233.2,20.77,208662.0,730.2,20.74,32907.0,294.6,16.31,85580.0,216.0,25.49,105740.0,220.4,25.63,67114.0,491.5,19.88,35924.0,11.1,28.28
2006-09-01,32833.0,600.9,11.37,109929.0,663.1,20.94,81872.0,321.6,25.55,109127.0,223.3,21.0,205350.0,611.7,20.83,32861.0,304.2,16.65,85972.0,162.4,25.6,105619.0,444.7,26.78,67297.0,343.4,19.79,35667.0,7.2,29.25
2006-10-01,33158.0,805.6,11.41,110146.0,685.9,21.12,82373.0,188.8,25.62,109574.0,138.8,20.89,204012.0,781.7,20.68,32871.0,303.8,16.22,86383.0,135.0,25.83,105642.0,344.7,26.91,66852.0,279.3,19.66,36204.0,0.0,28.78
2006-11-01,33203.0,1115.6,11.42,110988.0,877.0,21.1,82840.0,142.4,25.5,109924.0,104.9,21.04,204094.0,867.2,20.78,32702.0,426.5,16.62,86915.0,171.1,26.04,105884.0,558.8,27.08,67423.0,298.5,20.04,35081.0,66.5,28.74
2006-12-01,33343.0,967.5,11.39,111882.0,1233.2,21.46,83110.0,127.9,25.2,110139.0,84.4,21.3,207577.0,886.3,20.62,32796.0,261.4,16.71,86901.0,157.2,25.71,106125.0,307.9,26.91,68083.0,299.9,19.65,35788.0,0.0,28.6
2007-01-01,33202.0,1280.2,11.44,112626.0,1966.3,21.71,83193.0,156.8,25.58,110302.0,79.6,21.29,205344.0,1259.0,20.35,32764.0,430.2,16.89,87270.0,230.4,26.02,106382.0,271.2,27.05,67589.0,335.5,20.21,36009.0,60.2,29.09
2007-02-01,32907.0,1059.8,11.24,113100.0,1790.9,21.68,83491.0,59.6,25.11,110285.0,97.9,21.31,206427.0,1324.9,20.74,32755.0,459.5,17.06,87081.0,163.1,25.87,106399.0,210.3,27.22,67261.0,309.1,20.37,37168.0,26.0,29.64
2007-03-01,33534.0,844.4,11.12,113832.0,1416.4,22.13,83867.0,168.9,25.32,110479.0,53.1,21.24,206309.0,1278.9,20.6,32794.0,374.4,17.07,87362.0,159.8,25.66,106553.0,174.1,26.99,67700.0,423.6,20.57,37104.0,0.0,29.21
2007-04-01,33076.0,903.6,11.32,114376.0,1451.1,21.79,84231.0,114.5,25.71,110806.0,133.9,21.46,206881.0,1155.7,20.83,32860.0,297.8,17.18,87870.0,154.8,26.0,106911.0,181.6,27.1,68023.0,400.3,20.47,37914.0,32.0,29.26
2007-05-01,33341.0,735.0,11.37,115667.0,908.5,21.37,84717.0,272.1,25.79,111097.0,210.6,21.51,205141.0,737.9,20.86,32908.0,243.6,17.18,88660.0,275.0,25.42,107122.0,395.4,26.84,68470.0,564.4,20.24,38048.0,3.4,29.52
2007-06-01,33544.0,718.9,11.51,115995.0,647.9,21.45,85017.0,305.6,25.7,111143.0,117.9,21.55,205646.0,723.0,20.9,32930.0,243.2,17.3,89331.0,212.6,26.0,107265.0,297.4,26.85,68259.0,218.3,20.38,37944.0,2.5,29.99
2007-07-01,33946.0,491.2,11.49,116247.0,598.2,21.5,85317.0,864.9,25.99,111387.0,99.2,21.44,203696.0,871.6,21.22,33114.0,361.4,17.19,89551.0,204.0,25.96,107501.0,130.9,26.35,68676.0,286.1,20.82,37874.0,0.0,31.27
2007-08-01,33581.0,592.5,11.73,116723.0,599.0,21.42,85658.0,1539.9,26.37,111537.0,189.8,21.68,203104.0,640.6,21.42,33093.0,268.2,17.22,89460.0,184.5,25.97,107512.0,181.1,26.26,68813.0,334.5,20.52,38063.0,0.0,30.11
2007-09-01,33814.0,664.5,11.82,116781.0,549.4,21.84,85951.0,219.5,25.76,111740.0,196.8,21.81,202600.0,549.7,21.53,33088.0,228.0,17.3,89483.0,201.4,26.1,107632.0,401.7,27.16,68587.0,178.7,20.76,37823.0,6.4,31.13
2007-10-01,34115.0,678.9,11.71,115912.0,520.9,22.04,86236.0,109.9,25.52,112082.0,241.5,21.83,202509.0,625.7,21.62,33316.0,325.7,17.64,90115.0,190.2,26.23,107776.0,239.5,27.37,68650.0,305.7,20.43,38213.0,7.3,30.35
2007-11-01,34058.0,760.3,11.74,116047.0,812.2,22.31,86431.0,162.7,25.46,112355.0,183.9,21.83,202141.0,710.5,21.63,33424.0,282.5,17.35,90614.0,176.3,26.4,107878.0,361.6,27.89,68411.0,300.8,20.57,38679.0,1.2,31.53
2007-12-01,33589.0,874.9,11.78,117434.0,1120.3,22.49,86634.0,154.3,25.96,112506.0,107.4,21.79,196772.0,802.8,21.64,33410.0,349.2,17.53,90674.0,141.0,26.75,108213.0,246.9,27.99,67794.0,257.6,20.66,38689.0,7.2,31.74
2008-01-01,33727.0,940.4,11.96,118962.0,1750.5,22.57,87009.0,213.6,26.21,112653.0,102.9,21.84,196215.0,1341.2,21.63,33615.0,340.0,17.27,90759.0,205.5,26.68,108966.0,392.3,28.43,67652.0,226.9,20.75,38813.0,13.5,31.14
2008-02-01,33181.0,917.6,11.78,119182.0,1613.9,22.71,87228.0,87.7,26.15,112561.0,109.2,21.95,196824.0,1067.3,21.68,33657.0,322.2,17.44,91070.0,165.2,26.83,109675.0,204.7,28.06,67646.0,355.0,20.85,39584.0,26.0,31.39
2008-03-01,33568.0,823.0,11.81,118819.0,1610.0,23.0,87420.0,86.2,26.22,112762.0,141.7,22.0,193480.0,1173.3,21.48,33764.0,389.2,17.16,91276.0,225.6,26.5,109993.0,316.7,28.57,67644.0,360.5,20.85,39767.0,3.1,31.24
2008-04-01,33713.0,949.0,11.76,117573.0,1556.5,23.24,87680.0,86.6,26.32,113119.0,88.0,22.01,196153.0,1213.8,21.58,33891.0,341.4,17.81,91600.0,181.0,26.56,110597.0,169.7,28.58,67767.0,489.6,21.1,39936.0,11.1,31.16
2008-05-01,33851.0,943.2,11.97,119122.0,1103.2,22.52,87934.0,211.6,27.02,113304.0,261.9,22.33,197185.0,879.6,21.59,33940.0,334.5,17.65,91914.0,181.9,26.8,111118.0,269.2,28.2,67972.0,572.5,21.14,39746.0,1.0,31.03
2008-06-01,33899.0,639.4,11.92,118573.0,761.2,22.18,88025.0,234.4,26.99,113607.0,196.5,22.49,195970.0,646.3,21.73,33955.0,255.4,17.8,92209.0,227.7,26.45,111562.0,91.2,27.94,68180.0,194.8,21.18,39662.0,10.7,30.35
2008-07-01,33707.0,629.2,11.87,118538.0,591.6,22.31,88311.0,729.9,27.29,113786.0,180.2,22.44,196741.0,850.8,21.71,34042.0,276.6,17.5,92202.0,235.9,26.87,112215.0,69.7,27.44,68390.0,375.1,21.2,39602.0,6.1,29.43
2008-08-01,34197.0,624.6,11.87,118386.0,411.4,22.42,88674.0,1722.3,27.81,114298.0,215.6,22.54,193416.0,823.3,21.89,34231.0,317.2,17.58,93071.0,278.0,27.03,112629.0,173.1,27.55,68069.0,291.7,21.2,39740.0,18.3,31.17
2008-09-01,34066.0,615.4,11.95,118991.0,459.1,22.85,88700.0,155.7,27.82,114599.0,200.6,22.97,193253.0,868.8,22.18,34316.0,247.8,17.88,93258.0,179.5,27.43,113297.0,274.3,28.7,68136.0,175.7,21.1,39571.0,67.2,31.69
2008-10-01,33932.0,927.8,11.98,119758.0,558.3,22.87,88742.0,135.0,27.37,114936.0,131.1,22.81,190432.0,954.0,22.4,34346.0,269.6,17.76,92729.0,95.8,27.94,113844.0,214.6,28.32,68136.0,192.8,21.28,39227.0,0.0,31.61
2008-11-01,34285.0,1005.1,12.17,118150.0,878.9,23.51,88599.0,114.0,27.22,114941.0,147.0,22.78,187226.0,1013.7,22.47,34098.0,247.6,18.27,91942.0,138.5,28.03,114474.0,396.1,29.22,67791.0,302.9,21.8,38718.0,9.4,31.53
2008-12-01,33870.0,1003.7,12.43,115635.0,1206.1,23.77,88732.0,147.3,27.39,115347.0,139.0,22.73,178949.0,1126.5,22.69,34001.0,423.0,18.09,91500.0,143.9,27.71,114920.0,221.3,28.76,66540.0,327.8,21.94,38638.0,153.0,31.5
2009-01-01,34684.0,1230.3,12.33,111861.0,1787.2,24.22,88722.0,175.9,27.76,115827.0,187.0,22.69,172558.0,1496.3,23.03,34135.0,393.2,18.69,91521.0,287.0,27.7,115509.0,336.1,29.42,65665.0,489.6,22.13,38752.0,145.0,31.99
2009-02-01,34563.0,1267.8,12.29,110437.0,1990.0,24.12,89050.0,193.3,27.34,116040.0,122.7,22.86,170725.0,1590.6,22.63,34173.0,653.6,18.59,91228.0,252.4,27.29,116040.0,145.0,29.19,65489.0,612.1,22.22,37845.0,5.7,31.25
2009-03-01,34286.0,1197.7,12.37,109072.0,2088.7,24.11,88973.0,260.1,27.5,116104.0,136.9,22.87,168195.0,1517.2,22.68,33928.0,651.0,18.69,90152.0,339.5,27.59,116546.0,84.9,29.6,64667.0,589.5,22.4,37804.0,10.8,31.46
2009-04-01,34145.0,1497.8,12.32,108412.0,2159.6,24.3,89053.0,234.4,27.27,116236.0,189.9,23.21,165576.0,1546.8,22.77,33790.0,626.6,18.32,90012.0,318.8,27.7,116993.0,195.9,29.42,65086.0,750.5,22.45,37282.0,322.6,31.25
2009-05-01,33652.0,1156.4,12.36,109201.0,1572.4,23.71,89071.0,345.3,27.71,116430.0,267.7,23.01,163496.0,1273.9,22.48,33541.0,603.0,18.26,89706.0,389.0,27.97,117465.0,316.6,28.65,64348.0,637.3,22.16,36992.0,60.0,31.89
2009-06-01,33650.0,826.0,12.43,109358.0,1034.5,23.39,89159.0,251.3,27.34,116660.0,187.0,23.23,162048.0,1003.9,22.38,33571.0,556.6,18.53,89573.0,349.1,27.8,117718.0,188.0,28.71,64951.0,437.9,21.83,36968.0,124.3,31.5
2009-07-01,34042.0,916.2,12.4,109659.0,946.5,23.31,89319.0,949.6,27.4,116793.0,190.9,23.18,163408.0,1332.8,22.25,33631.0,522.0,18.52,89313.0,546.1,28.03,117598.0,94.5,28.79,65456.0,422.5,21.86,36431.0,90.3,31.22
2009-08-01,34124.0,840.7,12.61,110555.0,873.9,23.61,89467.0,1896.5,28.04,116746.0,193.1,23.32,164107.0,1019.8,22.4,33513.0,587.3,18.08,89110.0,294.0,27.61,118819.0,208.6,28.88,64738.0,725.7,21.78,36845.0,12.8,30.09
2009-09-01,34353.0,889.7,12.78,111795.0,779.3,23.94,89700.0,292.7,28.09,116854.0,197.2,23.61,166067.0,1121.3,22.52,33511.0,425.7,18.51,88790.0,313.4,27.84,119267.0,381.7,29.97,65642.0,511.3,22.18,37326.0,18.5,31.49
2009-10-01,33562.0,1058.6,12.82,112847.0,808.8,23.71,89952.0,144.7,27.88,116593.0,160.3,23.76,165293.0,1216.4,22.52,33316.0,487.4,18.98,88704.0,298.5,27.96,119670.0,353.3,30.15,65843.0,307.0,22.17,38018.0,1.0,31.73
2009-11-01,33913.0,1070.5,12.86,115036.0,1316.7,23.86,90155.0,168.9,27.53,116731.0,134.6,23.45,167905.0,1336.3,22.57,33421.0,336.8,18.69,88948.0,256.5,27.44,119886.0,356.9,30.2,66004.0,260.5,22.51,37727.0,16.7,33.06
2009-12-01,34059.0,1049.2,12.89,116131.0,1351.0,24.22,90394.0,181.8,27.81,116890.0,199.9,23.61,167119.0,1367.7,22.92,33439.0,425.4,18.57,88634.0,337.8,27.53,120060.0,230.4,30.45,66443.0,387.5,22.32,38297.0,17.5,33.07
2010-01-01,34079.0,1096.6,12.81,118155.0,1954.5,24.33,90536.0,254.3,28.18,117131.0,153.2,23.71,168851.0,1414.9,22.98,33423.0,508.1,18.97,88857.0,568.4,27.66,120351.0,400.9,30.64,66649.0,500.6,23.06,38299.0,21.4,33.89
2010-02-01,34929.0,1241.3,12.78,118730.0,1843.5,24.19,90600.0,131.0,27.98,117315.0,191.4,23.6,171080.0,1366.5,22.99,33300.0,522.7,19.09,88850.0,477.0,27.63,120257.0,363.9,30.2,67228.0,446.0,22.82,38215.0,86.1,34.92
2010-03-01,34189.0,1046.6,12.72,119200.0,1978.8,24.33,90760.0,156.9,28.12,117613.0,187.0,23.56,173755.0,1416.4,23.03,33301.0,596.2,18.69,89204.0,446.9,27.14,120058.0,356.5,30.27,67809.0,580.1,22.58,37685.0,26.3,34.23
2010-04-01,33882.0,1030.6,12.83,119685.0,1776.2,24.44,90738.0,154.5,28.27,117805.0,207.0,23.31,173535.0,1433.8,23.16,33274.0,456.3,18.65,89328.0,286.9,27.42,120341.0,532.2,29.91,67418.0,566.0,22.44,37001.0,21.2,34.43
2010-05-01,33845.0,1126.7,12.73,119406.0,1242.8,23.96,91026.0,279.2,28.86,117856.0,253.6,23.48,174400.0,1031.9,22.96,33175.0,476.1,18.61,89105.0,353.4,27.48,120601.0,694.2,29.67,67620.0,446.0,22.58,37348.0,108.8,33.46
2010-06-01,33786.0,895.4,12.82,120033.0,922.9,23.63,91130.0,220.8,28.78,117988.0,139.5,23.29,176689.0,734.8,22.83,33145.0,534.6,18.85,89253.0,258.4,27.85,120946.0,266.7,29.42,67914.0,233.1,22.56,37823.0,4.4,33.02
2010-07-01,33482.0,816.0,12.72,120249.0,893.9,23.43,91294.0,845.6,28.98,118235.0,189.5,23.24,176632.0,925.9,22.73,33067.0,401.5,18.64,89908.0,339.0,27.84,121382.0,230.6,29.0,68393.0,347.9,22.83,37874.0,30.0,33.22
2010-08-01,33815.0,938.7,12.8,121034.0,967.2,23.67,91307.0,1723.0,29.23,118295.0,248.8,23.51,176502.0,789.6,22.8,33153.0,444.8,18.64,89782.0,405.6,27.62,121703.0,259.1,29.42,68393.0,379.6,23.04,37886.0,25.2,32.59
2010-09-01,33697.0,809.2,12.87,121329.0,978.2,24.04,91399.0,248.3,29.41,118651.0,175.9,24.08,175308.0,929.2,23.06,33371.0,362.8,18.61,90048.0,244.4,28.17,122027.0,339.6,30.54,67748.0,265.9,23.1,38329.0,3.1,33.51
2010-10-01,33900.0,792.1,12.96,121772.0,919.7,24.37,91550.0,238.9,29.02,118956.0,212.3,23.98,175096.0,883.2,22.98,33516.0,322.9,18.75,90584.0,209.6,28.43,122317.0,311.9,30.77,68139.0,343.0,23.14,38250.0,33.5,34.04
2010-11-01,34067.0,954.6,12.88,122141.0,1223.5,24.21,91684.0,177.2,29.39,119269.0,172.8,23.93,174129.0,1142.7,23.13,33669.0,417.7,18.59,91075.0,105.9,28.15,122288.0,389.8,30.63,67995.0,549.0,22.97,38802.0,2.7,34.34
2010-12-01,33982.0,901.1,12.94,122392.0,1424.2,24.57,91969.0,289.4,29.39,119599.0,159.1,23.85,176929.0,1284.5,23.29,33734.0,430.6,19.21,91666.0,162.0,28.4,122535.0,330.0,30.68,69027.0,520.9,23.02,39209.0,2.9,33.5
2011-01-01,33932.0,1005.0,12.94,123624.0,1869.2,24.78,91878.0,195.3,29.74,119825.0,201.1,24.1,178617.0,1467.2,23.32,33768.0,527.2,18.9,92199.0,285.6,28.37,122793.0,279.2,31.3,70661.0,467.9,22.79,39451.0,39.4,33.37
2011-02-01,34042.0,1111.9,13.14,124028.0,2042.7,24.79,91845.0,289.8,29.21,119579.0,183.6,24.01,177148.0,1193.6,23.49,33759.0,345.9,19.07,92676.0,264.6,28.44,122673.0,224.8,31.07,70073.0,528.7,22.8,39393.0,3.2,34.41
2011-03-01,34197.0,1078.1,13.03,123399.0,1830.2,24.91,91603.0,273.0,29.16,119771.0,210.8,24.04,178400.0,1340.1,23.23,33986.0,413.1,19.41,92966.0,178.6,28.28,122770.0,236.0,30.59,70559.0,473.1,23.18,39569.0,3.2,34.28
2011-04-01,34563.0,1268.7,13.17,123094.0,1705.9,24.82,91537.0,136.2,28.9,119787.0,148.7,23.97,178432.0,967.1,23.08,34051.0,372.4,20.01,93001.0,159.1,28.25,123037.0,179.7,30.53,69842.0,553.3,23.36,39805.0,3.4,34.02
2011-05-01,34791.0,945.7,13.23,122867.0,1180.2,24.53,91719.0,295.6,29.11,119992.0,227.5,24.0,177433.0,669.5,22.82,34301.0,433.3,20.17,93330.0,198.3,28.64,123683.0,318.6,30.18,69888.0,389.6,23.27,39679.0,0.0,32.92
2011-06-01,34771.0,787.4,13.09,124160.0,817.9,24.49,91802.0,291.2,28.91,120180.0,191.3,24.08,178079.0,513.1,22.84,34602.0,450.3,19.85,94104.0,237.6,28.65,124000.0,207.4,29.99,68688.0,222.5,22.86,39444.0,14.2,32.65
2011-07-01,34843.0,798.8,13.17,125023.0,723.0,24.41,92127.0,1001.0,29.56,120332.0,147.0,24.04,180771.0,761.4,22.6,34503.0,335.7,19.33,94060.0,240.8,28.68,124044.0,202.6,29.75,70799.0,323.5,22.44,39546.0,96.4,33.0
2011-08-01,34692.0,734.7,13.05,125842.0,748.9,24.44,92232.0,1956.8,30.04,120451.0,213.5,24.18,180439.0,644.5,22.44,34453.0,409.5,19.64,94566.0,234.7,28.49,124008.0,214.5,30.16,70953.0,303.6,22.49,39532.0,30.3,34.44
2011-09-01,35111.0,755.4,13.11,126420.0,696.3,24.95,92025.0,289.9,29.18,120603.0,229.1,24.31,182532.0,801.1,22.75,34504.0,247.0,19.63,95121.0,265.3,28.64,123912.0,539.0,31.37,70988.0,238.3,22.35,39742.0,19.5,33.98
2011-10-01,34922.0,903.2,13.24,126573.0,515.4,25.04,92023.0,201.9,29.58,120649.0,113.5,24.5,182875.0,788.3,22.72,34570.0,246.2,19.41,95609.0,311.2,28.86,123589.0,387.7,31.41,70997.0,216.2,22.36,38969.0,3.9,33.04
2011-11-01,35334.0,883.5,13.39,127166.0,932.2,25.33,92112.0,77.4,29.34,121062.0,160.4,24.64,183818.0,1040.3,22.83,34665.0,392.3,19.42,95992.0,170.7,29.19,123422.0,622.6,31.75,71069.0,386.9,22.55,38366.0,19.8,34.68
2011-12-01,35215.0,964.0,13.18,128389.0,1266.4,25.22,92223.0,143.9,29.9,121262.0,115.8,24.56,186974.0,953.6,22.96,34713.0,307.8,19.46,96378.0,291.7,29.95,123098.0,312.7,31.56,71304.0,439.1,22.86,38608.0,5.9,35.27
2012-01-01,35050.0,1152.9,13.49,129507.0,1668.5,25.49,92217.0,97.7,29.64,121397.0,157.9,24.47,186133.0,1605.8,23.47,34745.0,302.7,19.54,96223.0,333.9,30.22,122830.0,378.8,31.8,71510.0,364.7,22.85,39037.0,3.7,34.67
2012-02-01,35174.0,1041.4,13.45,130927.0,1397.7,25.75,92639.0,228.5,29.94,121523.0,133.6,24.53,182802.0,1504.8,23.4,34780.0,375.3,19.6,96322.0,589.3,30.5,122802.0,339.8,31.54,71037.0,289.1,23.12,37965.0,9.9,34.75
2012-03-01,35649.0,867.0,13.41,132459.0,1595.6,25.25,92344.0,155.3,30.06,121474.0,106.8,24.4,183681.0,1257.6,23.64,34895.0,372.7,20.05,96177.0,328.7,30.45,122380.0,375.0,32.1,71190.0,432.4,23.47,37930.0,9.4,33.99
2012-04-01,35219.0,893.7,13.34,134521.0,1314.7,25.2,92790.0,165.1,29.95,121875.0,140.3,24.58,184979.0,1089.9,23.55,34886.0,456.2,20.05,96355.0,268.6,30.27,122459.0,281.7,31.81,71472.0,273.7,23.57,38501.0,16.5,34.17
2012-05-01,35425.0,675.0,13.38,134567.0,1008.3,24.83,93493.0,390.5,30.11,121942.0,312.8,24.36,184490.0,631.6,23.65,34864.0,356.5,19.66,96503.0,337.2,30.08,122726.0,192.9,31.42,71361.0,334.4,23.55,38887.0,56.0,34.39
2012-06-01,35414.0,628.9,13.5,134824.0,758.8,25.13,93959.0,471.1,29.9,122096.0,243.9,24.49,184541.0,652.0,23.47,34941.0,351.5,19.42,96543.0,212.6,29.78,122602.0,190.9,31.06,71842.0,234.3,23.54,39046.0,51.2,33.69
2012-07-01,35735.0,553.7,13.51,135269.0,659.4,24.88,94297.0,863.5,30.7,122482.0,191.1,24.48,184533.0,633.8,23.59,35186.0,423.7,19.84,97257.0,226.0,29.47,122373.0,202.1,31.1,71479.0,231.3,23.48,39846.0,26.6,34.14
2012-08-01,35563.0,714.5,13.74,135863.0,752.7,25.4,94418.0,1895.9,30.64,122751.0,189.0,24.41,183573.0,742.2,23.28,35288.0,403.6,20.06,97328.0,183.3,29.48,122316.0,222.2,30.89,71861.0,392.5,23.98,39508.0,66.8,34.49
2012-09-01,35873.0,748.2,13.92,136553.0,687.1,25.62,94503.0,455.8,30.31,122794.0,193.3,24.81,181580.0,713.0,23.57,35250.0,359.8,20.81,97343.0,346.7,29.95,121980.0,395.1,31.61,71803.0,241.5,22.9,39037.0,52.2,35.13
2012-10-01,35682.0,1038.9,13.89,137854.0,691.4,26.0,94601.0,239.9,30.33,122648.0,178.2,24.75,179912.0,904.5,23.72,35226.0,395.8,20.42,97147.0,231.6,29.28,121928.0,262.7,31.83,70955.0,435.3,23.41,39661.0,0.0,35.45
2012-11-01,35836.0,1013.4,13.87,138310.0,922.2,26.27,94650.0,176.3,30.14,122573.0,184.7,24.74,181464.0,805.7,23.74,35255.0,332.8,20.74,96930.0,253.1,28.78,122516.0,200.6,31.48,71394.0,418.8,23.22,39495.0,0.0,35.11
2012-12-01,35920.0,895.8,13.76,138854.0,1148.3,26.66,94549.0,80.4,29.5,122449.0,131.7,24.68,179392.0,785.9,23.79,35164.0,334.5,20.61,97292.0,213.3,29.56,122212.0,414.9,31.73,71232.0,351.2,23.52,38523.0,31.5,35.3
2013-01-01,36247.0,1011.6,13.77,138864.0,1628.4,26.61,94782.0,145.4,29.98,122411.0,148.6,24.74,181103.0,1384.3,24.11,35478.0,438.5,20.49,97587.0,310.7,29.76,122201.0,262.1,31.61,71268.0,509.2,24.07,38618.0,246.0,35.84
2013-02-01,36311.0,936.4,13.62,139548.0,1431.8,26.59,95071.0,104.8,30.09,122000.0,133.1,24.86,181675.0,1205.0,23.97,35493.0,527.7,20.47,97473.0,254.1,29.99,122149.0,246.5,31.58,71560.0,509.6,24.28,38217.0,3.4,36.12
2013-03-01,36524.0,945.6,13.61,140401.0,1602.6,26.52,95114.0,184.0,30.14,121972.0,142.8,24.8,182490.0,1087.1,24.13,35472.0,478.8,21.01,97860.0,211.7,30.48,121917.0,250.8,31.63,72375.0,553.2,23.96,38157.0,121.0,36.88
2013-04-01,36355.0,786.6,13.71,141361.0,1499.8,26.19,94703.0,119.3,30.46,122048.0,126.8,25.03,181254.0,1052.8,24.27,35598.0,400.8,20.96,98341.0,394.7,30.34,121453.0,271.8,32.22,72997.0,543.7,24.24,38372.0,0.0,35.86
2013-05-01,36842.0,949.5,13.49,141927.0,931.3,25.64,94827.0,221.8,30.34,122051.0,133.2,25.27,181320.0,699.6,24.1,35724.0,394.9,20.92,98955.0,403.6,30.46,121552.0,327.9,32.09,72419.0,432.8,24.0,38605.0,6.5,34.85
2013-06-01,36915.0,676.3,13.36,138493.0,811.2,25.65,94515.0,201.6,30.68,122175.0,144.5,25.08,181182.0,601.3,23.98,35615.0,366.0,20.82,99099.0,250.3,30.4,121708.0,209.8,32.09,71745.0,267.3,23.96,38843.0,1.3,34.9
2013-07-01,36722.0,584.4,13.47,141421.0,699.5,25.6,94585.0,979.6,31.24,122333.0,202.3,25.2,180812.0,614.3,23.67,35995.0,396.0,20.17,99162.0,259.0,29.78,121805.0,164.2,32.26,71086.0,286.3,23.85,38908.0,4.1,34.5
2013-08-01,37211.0,585.6,13.59,141859.0,635.1,25.91,95001.0,1728.7,31.12,122267.0,213.7,25.22,181814.0,626.9,23.89,36070.0,250.8,20.5,99660.0,361.4,30.35,122085.0,172.6,31.87,71988.0,520.3,24.03,38768.0,52.6,33.59
2013-09-01,37071.0,668.2,13.83,141460.0,594.4,26.18,95327.0,182.3,30.81,122436.0,227.6,25.63,184168.0,786.1,23.96,36120.0,248.2,21.01,100640.0,173.0,30.93,121906.0,301.3,33.24,73207.0,245.0,24.08,38966.0,2.8,33.87
2013-10-01,37247.0,683.1,13.85,141897.0,668.5,26.3,95792.0,188.1,30.83,122542.0,148.8,25.41,186463.0,922.9,24.16,36140.0,213.8,20.47,100848.0,215.1,32.1,122099.0,384.9,33.17,74477.0,236.7,24.0,39635.0,1.4,34.18
2013-11-01,37516.0,900.5,13.76,142083.0,1123.7,26.58,95931.0,188.8,30.81,122887.0,104.7,25.4,185805.0,1062.8,24.34,36427.0,209.8,20.83,101378.0,202.2,32.0,122129.0,294.1,33.53,75127.0,325.5,23.91,39878.0,5.5,34.91
2013-12-01,37239.0,778.2,14.08,140646.0,1295.1,26.17,95696.0,127.5,31.04,123162.0,135.1,25.63,181798.0,1051.7,24.45,36392.0,229.5,20.76,101821.0,250.6,31.02,122048.0,199.5,33.6,74223.0,395.5,24.36,40997.0,4.5,35.86
2014-01-01,37796.0,905.0,13.89,141846.0,1891.3,27.11,96183.0,118.2,30.64,123259.0,139.4,25.35,182671.0,1474.9,24.47,36503.0,280.3,21.49,101424.0,321.7,30.86,121852.0,215.3,33.54,74676.0,708.6,24.18,40047.0,7.0,36.34
2014-02-01,38117.0,705.3,14.02,142671.0,1860.7,27.09,96316.0,83.1,30.7,123481.0,142.7,25.22,185479.0,1409.6,24.59,36719.0,384.2,21.17,101875.0,264.3,31.04,121766.0,231.2,33.52,75483.0,485.9,23.74,40175.0,3.5,37.25
2014-03-01,38348.0,845.3,13.91,142190.0,1532.5,27.21,96453.0,184.6,30.51,123737.0,188.2,25.31,184058.0,1446.4,24.72,36727.0,365.0,21.07,102645.0,213.6,30.56,121657.0,250.2,33.33,76169.0,643.0,23.93,40415.0,0.0,37.47
2014-04-01,38492.0,800.7,13.96,141726.0,1606.1,27.49,96558.0,83.1,30.96,123862.0,185.9,25.54,184774.0,1318.7,24.61,36857.0,484.3,21.32,103285.0,262.7,30.79,121431.0,228.2,33.28,75884.0,472.4,23.89,40137.0,205.7,37.65
2014-05-01,38951.0,873.1,13.97,143674.0,1091.0,26.85,96294.0,340.5,30.57,124257.0,184.3,25.28,187843.0,732.4,24.56,37036.0,441.2,20.84,103739.0,234.8,30.48,121317.0,437.7,32.73,77678.0,446.2,24.05,40112.0,2.9,37.04
2014-06-01,39096.0,536.1,14.1,144438.0,712.6,26.44,94596.0,294.6,31.13,124587.0,138.1,25.17,189457.0,379.1,24.67,37157.0,227.6,21.17,105093.0,229.9,30.94,121209.0,235.4,32.41,78129.0,290.0,23.53,40245.0,34.9,35.7
2014-07-01,38873.0,558.1,14.26,145575.0,743.1,26.46,96212.0,822.1,31.56,124832.0,157.9,25.29,190997.0,576.9,24.62,37332.0,283.3,20.69,106169.0,378.1,30.73,121087.0,149.0,32.04,77802.0,412.0,23.91,39895.0,17.6,36.1
2014-08-01,39427.0,768.7,14.18,145085.0,711.6,26.09,96615.0,1665.9,32.03,124766.0,210.8,25.22,188668.0,574.1,24.43,37342.0,314.5,20.86,106447.0,282.2,31.39,121039.0,196.8,32.31,77409.0,375.4,24.12,39994.0,2.8,36.2
2014-09-01,39307.0,670.9,14.28,145619.0,524.3,26.75,95507.0,191.6,30.94,124577.0,201.6,25.74,189933.0,696.9,24.84,37407.0,252.9,21.53,105944.0,192.9,30.8,121031.0,380.1,32.74,77783.0,226.1,24.35,40340.0,0.0,36.36
2014-10-01,39670.0,895.6,14.43,147395.0,541.4,26.72,97398.0,127.6,30.54,124391.0,171.7,25.54,190192.0,677.1,24.6,37314.0,236.3,21.06,105750.0,139.9,30.34,121097.0,391.8,33.07,77700.0,121.3,24.11,40545.0,23.8,37.21
2014-11-01,39703.0,1098.7,14.22,147533.0,907.7,26.78,97769.0,138.8,30.65,124440.0,122.7,25.44,188612.0,897.8,24.78,37360.0,323.7,20.91,106201.0,223.2,30.66,121120.0,329.5,33.5,77408.0,312.1,24.69,41409.0,10.5,37.43
2014-12-01,39872.0,951.3,14.11,146896.0,1474.6,27.11,97523.0,186.4,30.82,124463.0,99.3,25.6,192283.0,779.0,24.89,37410.0,474.8,21.52,105632.0,216.8,31.14,121102.0,260.6,33.8,78599.0,279.8,24.41,40802.0,12.3,38.51
2015-01-01,39640.0,1036.9,14.39,145234.0,1762.3,27.88,98073.0,216.9,30.83,124739.0,145.0,25.49,190061.0,1111.6,24.85,37304.0,445.0,21.37,105125.0,275.5,31.16,121302.0,248.4,33.7,78073.0,505.5,24.66,40986.0,106.4,39.13
2015-02-01,39353.0,937.7,14.31,143601.0,1959.1,27.98,98210.0,131.0,30.8,125146.0,166.4,25.69,187983.0,1177.1,24.95,37342.0,540.5,21.1,104696.0,220.1,30.98,121587.0,255.2,34.2,77595.0,687.1,24.31,42136.0,179.1,38.89
2015-03-01,39330.0,1129.3,14.21,141845.0,1972.0,27.94,97985.0,143.6,30.79,125336.0,169.8,25.55,189846.0,1381.8,25.12,37363.0,321.2,21.49,104312.0,297.2,31.0,121902.0,278.0,34.5,78242.0,553.6,25.06,42123.0,23.6,37.25
2015-04-01,39793.0,1148.7,14.31,141345.0,1728.9,27.98,98289.0,97.6,31.29,125717.0,130.8,25.7,189441.0,1185.0,25.11,37398.0,346.0,21.61,104044.0,238.5,31.61,121991.0,279.6,34.96,78276.0,588.6,24.71,41355.0,32.0,37.62
2015-05-01,39925.0,911.9,14.28,142155.0,1301.7,27.69,97571.0,321.2,31.37,125739.0,204.3,25.71,189170.0,611.4,24.91,37337.0,441.1,22.16,103884.0,233.5,31.97,121955.0,235.8,34.85,78392.0,518.0,24.57,40799.0,144.4,37.53
2015-06-01,40199.0,761.0,14.21,141315.0,887.2,27.39,98036.0,289.7,31.5,125819.0,187.3,25.71,187252.0,544.4,24.82,37320.0,255.8,22.06,103671.0,325.7,31.52,122073.0,194.3,34.06,78924.0,229.7,24.25,40764.0,38.6,37.57
2015-07-01,40276.0,651.4,14.17,140963.0,899.7,27.45,97865.0,921.5,32.36,126100.0,153.9,25.69,187659.0,628.9,24.71,37260.0,239.6,21.56,103673.0,142.9,31.38,122206.0,252.4,33.42,79563.0,309.9,25.08,40253.0,0.0,37.03
2015-08-01,40157.0,561.6,14.15,141100.0,801.4,27.42,96722.0,1722.3,32.54,126181.0,210.0,26.04,191195.0,543.4,24.64,37153.0,247.0,21.97,103950.0,199.3,31.6,122181.0,188.0,33.07,79983.0,329.9,25.33,40186.0,0.0,37.09
2015-09-01,40027.0,609.7,14.38,139740.0,909.3,27.84,97378.0,243.8,32.42,126285.0,173.4,26.1,188907.0,723.0,25.05,37098.0,194.7,22.09,103651.0,227.1,31.82,122285.0,230.8,33.84,79674.0,270.4,25.52,39793.0,8.7,37.22
2015-10-01,40284.0,759.2,14.28,139315.0,834.2,27.92,97133.0,90.5,31.99,126809.0,148.1,26.31,188461.0,604.1,24.98,37138.0,305.8,22.17,103971.0,279.9,31.21,122431.0,285.9,33.37,79629.0,416.9,24.96,39240.0,10.4,36.99
2015-11-01,40248.0,996.4,14.32,139174.0,1053.5,28.07,97024.0,101.6,32.42,127025.0,97.3,26.25,188674.0,858.9,25.31,37068.0,318.6,21.73,104325.0,226.5,31.62,122418.0,586.6,33.67,80452.0,432.2,24.98,39660.0,7.7,37.55
2015-12-01,40468.0,713.3,14.5,138325.0,1763.0,28.56,97394.0,84.2,31.81,127248.0,95.3,26.38,189099.0,710.4,25.48,37087.0,355.2,21.81,104666.0,236.9,31.86,122617.0,406.4,33.53,80337.0,408.0,25.49,39161.0,22.9,37.37
2016-01-01,40753.0,853.2,14.47,138113.0,1853.2,28.42,97508.0,95.7,31.99,127755.0,140.1,26.47,191380.0,894.6,25.57,36933.0,382.3,21.69,104968.0,494.0,32.04,123015.0,488.4,33.98,80327.0,412.3,25.11,40415.0,122.6,36.14
2016-02-01,41020.0,949.8,14.24,136865.0,2027.2,28.68,97750.0,107.9,32.34,128114.0,125.0,26.46,189452.0,1147.2,25.52,36745.0,577.9,22.05,105302.0,200.7,32.63,123349.0,448.7,34.95,80776.0,645.7,25.02,40603.0,48.8,36.11
2016-03-01,41109.0,949.3,14.12,135141.0,2099.4,29.06,98024.0,151.2,32.15,128472.0,173.6,26.52,188450.0,1223.9,25.47,36628.0,556.5,22.11,105735.0,191.4,33.13,123525.0,343.1,35.23,79884.0,530.6,24.59,40781.0,3.5,36.18
2016-04-01,41192.0,1015.4,14.18,135852.0,1926.7,29.1,98107.0,92.3,32.32,128497.0,174.9,26.7,189273.0,869.8,25.17,36511.0,484.2,22.1,105548.0,206.9,32.93,123827.0,257.4,35.11,79613.0,499.8,25.36,41500.0,42.1,36.57
2016-05-01,40986.0,817.6,14.16,133478.0,1157.1,28.45,98187.0,211.0,32.21,128809.0,141.5,26.55,186494.0,563.4,24.85,36526.0,477.9,22.04,106290.0,288.1,32.98,124631.0,369.1,34.33,79772.0,502.4,25.39,40864.0,20.2,35.9
2016-06-01,41201.0,694.6,14.27,132333.0,994.0,28.71,98185.0,156.5,32.31,129038.0,156.3,26.35,188721.0,446.4,25.13,36501.0,233.4,21.56,106406.0,321.6,32.95,124775.0,188.2,34.5,80062.0,394.1,24.93,42263.0,0.0,36.42
2016-07-01,41491.0,535.1,14.28,132932.0,963.3,28.24,98090.0,805.5,33.47,129324.0,145.9,26.52,189012.0,725.4,25.04,36514.0,313.2,21.39,106675.0,314.0,33.57,124421.0,246.7,34.61,80484.0,354.6,25.11,41791.0,3.6,36.97
2016-08-01,41513.0,515.0,14.19,132285.0,731.7,28.07,98114.0,1802.4,33.17,129563.0,147.1,26.51,189035.0,844.5,25.22,36597.0,353.8,21.97,106992.0,287.3,33.19,124529.0,381.0,34.37,81858.0,527.4,25.49,43099.0,3.1,38.59
2016-09-01,41389.0,586.7,14.52,133275.0,765.5,28.33,98491.0,238.0,33.0,129599.0,189.4,26.64,189248.0,795.7,25.29,36661.0,316.4,22.78,107490.0,224.1,32.97,124721.0,310.8,34.91,81843.0,305.6,25.08,42222.0,14.7,39.4
2016-10-01,40953.0,645.1,14.37,133566.0,846.0,28.11,98704.0,159.6,32.83,129564.0,188.2,26.7,186934.0,789.2,25.27,36684.0,270.5,22.55,107522.0,270.7,33.32,124459.0,248.7,34.81,82076.0,353.4,25.34,41885.0,189.8,38.91
2016-11-01,41003.0,1085.0,14.54,134397.0,1131.6,28.06,98866.0,121.4,32.75,129539.0,136.2,26.54,189296.0,946.7,25.33,36804.0,342.5,22.67,107736.0,204.0,33.25,124506.0,398.8,35.05,82457.0,265.0,25.61,40139.0,3.8,39.34
2016-12-01,40218.0,1124.4,14.54,134539.0,1198.9,28.08,98902.0,104.7,32.89,129366.0,153.0,26.68,190249.0,840.4,25.49,36960.0,368.8,22.67,107972.0,190.8,32.81,124582.0,201.4,35.12,82644.0,406.4,26.02,41562.0,4.6,39.39
2017-01-01,41267.0,937.4,14.58,135434.0,1611.8,28.1,98613.0,153.8,32.47,129385.0,157.5,26.67,191055.0,1396.9,25.52,37259.0,669.3,22.48,107819.0,207.7,32.3,125201.0,278.2,35.05,83851.0,439.7,25.92,41339.0,54.4,39.97
2017-02-01,40840.0,956.9,14.91,136210.0,1791.7,28.37,98948.0,66.2,32.49,129549.0,131.4,26.88,189989.0,1183.3,25.44,37494.0,484.7,22.03,108681.0,258.6,32.63,125487.0,152.7,35.52,84254.0,474.9,25.63,41145.0,26.8,40.19
2017-03-01,40854.0,959.2,15.02,136676.0,1860.5,28.41,99042.0,113.8,32.45,129737.0,221.6,26.81,191388.0,1054.5,25.45,37555.0,361.5,21.94,109116.0,252.8,32.02,125699.0,156.2,35.56,84515.0,450.1,25.69,41932.0,0.0,40.51
2017-04-01,41307.0,1008.4,15.05,138278.0,1873.2,28.68,99184.0,108.9,32.13,129954.0,206.0,27.12,192222.0,981.1,25.27,37781.0,457.2,22.01,109605.0,244.2,32.16,125684.0,131.3,35.69,85780.0,542.5,25.39,41225.0,0.0,41.82
2017-05-01,41436.0,746.1,15.09,137033.0,1033.2,28.28,99295.0,335.1,31.88,130194.0,186.5,27.15,193640.0,537.9,24.97,37924.0,528.4,21.87,110245.0,268.3,32.08,125871.0,205.6,35.05,86220.0,303.9,25.49,41905.0,0.0,39.85
2017-06-01,41797.0,579.0,14.93,139218.0,846.2,28.19,99556.0,330.3,32.08,130493.0,193.8,27.08,193882.0,417.2,25.4,38115.0,345.1,22.04,110316.0,179.0,32.19,126256.0,157.0,34.54,86722.0,203.2,25.27,41691.0,29.5,38.34
2017-07-01,41836.0,518.7,15.01,139808.0,747.8,28.23,99637.0,1039.2,33.56,130786.0,146.8,27.1,193199.0,682.0,25.33,38200.0,322.7,21.93,110494.0,346.1,32.65,126771.0,108.3,33.78,86055.0,313.7,25.57,41847.0,35.6,39.4
2017-08-01,41978.0,585.7,14.97,140122.0,675.5,28.56,100015.0,1809.9,33.9,130944.0,181.4,27.18,191194.0,580.0,25.48,38314.0,385.3,22.71,110498.0,233.5,32.66,127227.0,108.1,34.2,86355.0,396.8,25.9,41920.0,90.6,39.38
2017-09-01,42100.0,417.8,14.98,141395.0,646.2,29.29,100459.0,315.5,33.0,131104.0,146.4,27.45,191049.0,561.4,25.52,38391.0,429.4,22.83,110887.0,230.4,33.66,127645.0,241.1,35.42,86806.0,133.0,25.89,42742.0,37.1,39.26
2017-10-01,41825.0,580.3,15.03,142684.0,781.8,29.26,100388.0,104.0,32.74,131095.0,108.5,27.23,192745.0,603.4,25.64,38373.0,230.8,22.9,110585.0,186.8,33.51,127640.0,141.8,35.59,86170.0,115.4,26.32,41716.0,6.2,39.75
2017-11-01,42009.0,791.6,15.03,143005.0,1012.4,29.31,100720.0,131.1,33.05,131346.0,193.7,27.54,195609.0,470.4,25.77,38377.0,217.1,22.57,110892.0,241.7,34.05,127661.0,337.8,35.85,87182.0,170.7,26.21,42446.0,35.6,39.84
2017-12-01,41735.0,943.3,15.06,142877.0,1192.7,29.13,101287.0,130.7,33.1,131845.0,93.6,27.51,195672.0,670.4,25.67,38421.0,158.8,22.83,111906.0,244.8,34.11,127662.0,157.6,36.38,86926.0,216.8,26.36,43096.0,1.2,40.07
2018-01-01,41854.0,807.7,15.32,142560.0,1668.7,29.07,101650.0,101.3,32.7,132265.0,94.0,27.39,196495.0,937.4,25.94,38384.0,191.9,22.97,111816.0,170.8,33.74,127955.0,383.6,36.78,87468.0,738.2,26.56,42774.0,38.2,41.35
2018-02-01,42018.0,786.3,15.44,144400.0,1763.6,29.39,101736.0,83.9,32.81,132572.0,67.0,27.43,196890.0,961.4,26.09,38369.0,215.3,22.8,112369.0,212.7,33.56,128222.0,521.5,36.74,88391.0,519.9,26.31,41711.0,9.9,41.59
2018-03-01,41957.0,900.3,15.57,144376.0,1708.3,29.18,101936.0,124.9,32.61,132974.0,183.3,27.45,198060.0,983.0,26.05,38308.0,254.4,23.01,112895.0,157.2,33.49,128616.0,295.0,36.94,88382.0,510.0,26.77,41755.0,45.5,41.23
2018-04-01,41981.0,913.7,15.7,143878.0,1680.3,28.89,102235.0,228.9,33.04,133462.0,90.4,27.33,197810.0,933.0,26.13,38295.0,229.0,23.34,113073.0,155.4,33.01,129070.0,262.5,36.7,88123.0,626.8,26.85,42045.0,2.7,41.72
2018-05-01,42245.0,561.7,15.73,144946.0,1152.3,28.59,102433.0,321.6,33.47,133942.0,181.4,27.61,196833.0,503.9,26.49,38384.0,176.1,23.54,113257.0,220.4,33.11,129668.0,245.9,36.37,88735.0,355.6,26.45,41864.0,0.0,41.75
2018-06-01,42431.0,550.8,15.72,143908.0,796.1,28.63,102629.0,320.8,33.33,134476.0,225.9,27.64,200055.0,391.2,26.41,38361.0,190.9,23.82,113554.0,140.8,33.09,130001.0,137.9,35.94,88801.0,376.5,26.66,42132.0,5.3,41.63
2018-07-01,42867.0,536.3,15.74,142742.0,717.5,28.47,102736.0,1069.3,33.92,134919.0,138.7,27.29,199757.0,388.6,26.03,38523.0,269.7,23.67,113869.0,173.5,32.77,130425.0,55.1,35.66,89151.0,338.4,27.17,43128.0,1.0,40.38
2018-08-01,42791.0,508.5,15.99,141784.0,674.2,28.55,102900.0,1818.0,33.99,135235.0,164.0,27.54,198500.0,448.9,26.21,38543.0,274.5,23.88,114118.0,196.0,32.96,130765.0,161.3,35.39,89061.0,378.5,26.44,43280.0,44.7,41.12
2018-09-01,42884.0,541.5,16.01,140551.0,557.1,28.85,103072.0,204.3,33.54,135633.0,132.8,27.55,199487.0,628.7,26.47,38510.0,335.7,23.45,114320.0,168.5,33.65,130837.0,262.9,36.07,89816.0,269.8,26.15,43258.0,14.9,40.92
2018-10-01,43017.0,668.8,16.03,139696.0,629.4,29.04,103114.0,131.8,33.45,135950.0,144.0,27.45,199780.0,549.1,26.49,38628.0,298.7,23.57,114966.0,170.3,33.98,131203.0,344.6,36.36,89570.0,170.0,26.44,43455.0,2.4,40.1
2018-11-01,42962.0,720.6,16.16,139119.0,838.3,29.11,103253.0,92.0,33.49,136314.0,156.6,27.46,198364.0,672.3,26.71,38730.0,257.1,23.12,115474.0,142.5,33.86,131417.0,248.5,36.46,89221.0,171.4,26.21,43418.0,1.0,39.42
2018-12-01,43317.0,823.7,16.38,138944.0,1151.2,29.47,103350.0,145.2,33.52,136822.0,177.9,27.51,197437.0,892.7,26.65,38833.0,220.7,23.21,116693.0,132.2,33.88,131629.0,424.9,36.58,89601.0,224.6,26.33,42920.0,38.9,40.19
2019-01-01,43022.0,843.9,16.61,139478.0,1591.5,30.27,103741.0,135.5,33.5,137082.0,134.5,27.43,199090.0,944.5,26.77,38921.0,353.5,23.36,116771.0,253.6,34.68,132265.0,332.1,36.89,89766.0,398.1,26.29,43324.0,1.0,41.63
2019-02-01,43177.0,773.1,16.46,139393.0,1722.3,30.28,103956.0,237.1,33.23,137371.0,166.5,27.47,198200.0,929.0,27.51,38963.0,279.8,23.33,117187.0,227.8,35.19,132409.0,298.0,37.16,88501.0,323.1,27.07,44068.0,1.3,41.55
2019-03-01,43164.0,835.9,16.31,140621.0,1710.0,30.44,104469.0,136.5,33.55,137397.0,150.7,27.53,200520.0,849.9,27.41,38891.0,230.2,23.44,116912.0,186.6,34.94,132630.0,128.8,37.09,89723.0,275.4,27.07,42947.0,6.2,41.12
2019-04-01,43351.0,914.7,16.43,139901.0,1189.4,30.23,104570.0,154.0,33.96,137686.0,140.1,27.66,198510.0,1009.0,27.43,38924.0,282.5,23.49,117554.0,231.9,35.07,132772.0,234.4,37.27,90240.0,242.3,26.99,42685.0,2.9,41.72
2019-05-01,43415.0,701.9,16.14,141448.0,864.6,29.96,104683.0,402.5,33.96,138123.0,157.7,27.74,200754.0,653.2,27.23,38956.0,299.0,23.78,117567.0,224.1,35.03,133077.0,397.6,37.17,90666.0,322.6,27.34,42633.0,3.0,40.85
2019-06-01,43713.0,541.9,16.33,142899.0,644.8,29.94,104666.0,410.6,34.0,138729.0,207.4,28.21,198632.0,444.3,27.61,38960.0,144.6,23.48,118222.0,184.3,34.79,133130.0,258.8,37.18,90442.0,120.1,26.94,42769.0,29.3,42.37
2019-07-01,43598.0,489.8,16.35,144238.0,668.5,29.85,105276.0,1021.3,36.0,139240.0,172.8,27.86,196745.0,588.8,27.4,39051.0,247.3,23.6,119386.0,195.9,34.95,133417.0,103.1,37.19,90305.0,273.5,27.16,42864.0,24.4,42.81
2019-08-01,43592.0,580.8,16.45,143421.0,513.3,29.81,105204.0,1900.9,35.93,139627.0,220.5,27.77,197314.0,567.2,27.29,38995.0,325.4,23.87,120047.0,202.1,34.47,133588.0,130.5,36.89,90118.0,302.8,26.82,42317.0,36.8,43.36
2019-09-01,43801.0,579.8,16.71,143320.0,484.5,30.53,105443.0,165.9,34.67,139899.0,210.4,28.11,196921.0,600.5,27.67,39007.0,264.5,24.33,120456.0,119.1,34.54,133494.0,208.2,37.88,88934.0,244.8,26.91,42604.0,0.0,45.22
2019-10-01,43685.0,564.4,16.7,142776.0,521.5,30.87,105304.0,135.7,34.35,140161.0,183.6,28.4,195927.0,770.3,27.96,38970.0,202.0,24.21,120826.0,160.1,35.16,133732.0,136.9,37.9,89650.0,279.3,27.26,43209.0,1.2,43.95
2019-11-01,43827.0,854.8,16.67,142785.0,722.5,31.11,105346.0,137.8,34.22,140528.0,168.8,28.21,195938.0,709.9,27.81,38986.0,182.9,24.32,121375.0,158.9,35.35,133920.0,430.0,38.41,89001.0,381.5,27.35,43575.0,15.5,44.5
2019-12-01,43835.0,517.4,16.78,143696.0,901.2,30.77,105350.0,87.5,33.89,141041.0,79.9,28.06,195313.0,632.6,27.77,38908.0,246.4,24.7,121313.0,141.1,35.38,134494.0,361.1,38.7,90314.0,583.8,27.47,42969.0,17.9,44.84
2020-01-01,44047.0,872.0,16.85,144717.0,1521.5,31.36,105523.0,95.6,34.45,141612.0,106.1,28.39,193130.0,963.2,28.04,38812.0,313.5,25.27,121961.0,164.0,35.96,135378.0,288.4,39.0,89058.0,286.5,27.37,42596.0,10.6,43.17
2020-02-01,43693.0,958.5,16.8,145766.0,1459.2,31.05,105387.0,112.8,34.84,141912.0,145.6,28.41,194951.0,843.0,28.1,38771.0,303.5,25.22,122500.0,157.9,36.16,136300.0,484.4,39.3,88063.0,352.8,28.12,43034.0,45.9,43.73
2020-03-01,28207.0,2103.3,16.87,140381.0,1642.0,31.59,95390.0,619.9,35.39,125767.0,376.2,28.66,179997.0,1082.4,28.37,33317.0,648.0,25.49,109810.0,245.3,36.63,130806.0,509.6,39.5,77594.0,613.2,27.57,42320.0,2.7,46.45
2020-04-01,16012.0,3904.8,17.36,111056.0,2703.0,31.56,86889.0,1025.6,36.49,113582.0,749.1,29.54,141367.0,1959.4,29.85,24037.0,2071.5,27.07,106628.0,755.6,38.1,128340.0,757.5,40.36,60030.0,1501.4,28.92,41556.0,192.1,45.28
2020-05-01,19239.0,3907.7,17.36,129445.0,1945.8,31.33,93549.0,1250.6,36.82,117482.0,836.7,29.84,153832.0,1416.7,29.16,27319.0,1886.1,26.84,108388.0,735.1,37.8,129471.0,1020.7,39.54,60843.0,1761.2,28.98,41734.0,267.5,44.87
2020-06-01,24561.0,3100.3,16.93,139822.0,1240.8,30.96,95279.0,1474.4,36.55,126515.0,412.7,29.29,175052.0,960.5,28.8,30213.0,1041.4,26.31,111542.0,910.3,37.98,132144.0,1054.2,39.19,66283.0,1297.1,28.06,42296.0,24.7,43.12
2020-07-01,28931.0,2056.2,16.89,137048.0,1204.1,30.65,98000.0,1665.3,37.54,131075.0,397.0,29.28,183430.0,922.1,28.93,32806.0,836.5,25.84,114453.0,848.7,37.17,133094.0,273.6,38.96,69946.0,1052.9,28.69,43403.0,1.2,44.07
2020-08-01,31045.0,1626.6,17.01,138148.0,861.4,30.68,100288.0,2897.3,37.07,133374.0,358.7,29.17,185618.0,778.6,28.95,33830.0,734.8,25.86,116346.0,584.0,37.37,133502.0,267.2,39.03,69461.0,1062.9,27.71,42558.0,1.1,43.68
2020-09-01,30808.0,1208.6,17.08,137370.0,682.2,31.14,101560.0,533.2,35.77,134867.0,297.0,29.48,187348.0,804.0,28.54,34596.0,710.4,27.0,118052.0,444.3,37.29,134398.0,281.0,38.56,70355.0,608.9,28.16,41648.0,1.2,43.08
2020-10-01,29225.0,1426.9,17.52,138846.0,816.7,31.09,102307.0,327.5,35.51,136090.0,291.8,29.5,186379.0,794.5,28.84,34747.0,728.9,26.9,119410.0,491.5,36.44,134948.0,187.1,39.0,71374.0,725.3,28.34,42007.0,0.0,44.67
2020-11-01,29251.0,1688.9,17.26,138918.0,1021.1,31.0,102569.0,248.9,35.72,137049.0,191.9,29.31,189511.0,590.3,28.57,34762.0,759.0,26.19,120178.0,307.3,36.51,134689.0,438.7,38.91,72382.0,760.1,27.68,41500.0,3.7,45.25
